fuel_type,withdrawal (gal/mwh),consumption (gal/mwh)
biomass,12109.33333,302.6
coal,10534.61538,475.9230769
natgas,7756.571429,286.5714286
nuclear,17500.33333,517
other,11975.21337,395.5236264
petroleum,11975.21337,395.5236264
